{
  "hyperparameters": {
    "retrieval_mode": "rrf_rerank",
    "embedding_model": "BAAI/bge-m3",
    "llm_model": "qwen2.5:7b",
    "device": "auto",
    "chunk_size": 1400,
    "chunk_overlap": 180,
    "index_build_time_s": null
  },
  "retrieval_metrics": {
    "recall_at_5": 0.4283788602840327,
    "recall_at_10": 0.4818943605883261,
    "mrr": 0.882531746031746,
    "ndcg_at_10": 0.5469150626004635,
    "source_hit_at_5": 0.95,
    "source_hit_at_10": 0.96,
    "capped_recall_at_5": 0.5170000000000003,
    "capped_recall_at_10": 0.4954973544973544,
    "precision_at_5": 0.3806666666666679,
    "precision_at_10": 0.22900000000000054,
    "num_queries": 300
  },
  "qa_metrics": {
    "em": 0.0,
    "f1": 0.17631786315045367,
    "rouge_l": 0.1957907659366182,
    "bleu": 0.047817849778286535,
    "citation_accuracy": 0.06,
    "source_in_context_rate": 0.98,
    "citation_presence_rate": 0.07666666666666666,
    "num_samples": 300,
    "error_count": 0
  },
  "hallucination_summary": {
    "total": 150,
    "faithful_count": 149,
    "faithful_rate": 0.9933333333333333,
    "by_category": {
      "hits": {
        "total": 50,
        "faithful": 50
      },
      "partial": {
        "total": 50,
        "faithful": 49
      },
      "misses": {
        "total": 50,
        "faithful": 50
      }
    },
    "score_stats": {
      "mean": 0.8893154676755269,
      "min": 0.4745638966560364,
      "max": 0.9794102907180786,
      "std": 0.08008329090812936
    }
  }
}
