{
  "em": 0.0,
  "f1": 0.17631786315045367,
  "rouge_l": 0.1957907659366182,
  "bleu": 0.047817849778286535,
  "citation_accuracy": 0.06,
  "source_in_context_rate": 0.98,
  "citation_presence_rate": 0.07666666666666666,
  "num_samples": 300,
  "error_count": 0
}