{
  "llm_ft": {
    "hyperparameters": {
      "stage": "llm_ft",
      "stage_name": "Stage 4 — Fine-tuned LLM",
      "embedding_model": "BAAI/bge-m3",
      "retrieval_mode": "dense",
      "llm_model": "qwen25-legal-ft",
      "inject_citations": true,
      "chunk_size": 1400,
      "chunk_overlap": 180,
      "top_k_retrieval": 10,
      "top_k_for_generation": 5
    },
    "retrieval_metrics": {
      "recall_at_5": 0.38685582855841477,
      "recall_at_10": 0.46650541157437714,
      "mrr": 0.7428822751322751,
      "ndcg_at_10": 0.49256777421502934,
      "source_hit_at_5": 0.8566666666666667,
      "source_hit_at_10": 0.9066666666666666,
      "capped_recall_at_5": 0.4680555555555559,
      "capped_recall_at_10": 0.4810793650793654,
      "precision_at_5": 0.3433333333333342,
      "precision_at_10": 0.2240000000000004,
      "num_queries": 300
    },
    "qa_metrics": {
      "em": 0.0,
      "f1": 0.12539173937267176,
      "rouge_l": 0.1400874426426651,
      "bleu": 0.03633088882352977,
      "citation_accuracy": 0.95,
      "source_in_context_rate": 0.95,
      "citation_presence_rate": 1.0,
      "num_samples": 300
    },
    "hallucination_summary": {
      "total": 150,
      "faithful_count": 121,
      "faithful_rate": 0.8066666666666666,
      "by_category": {
        "hits": {
          "total": 50,
          "faithful": 39
        },
        "partial": {
          "total": 50,
          "faithful": 39
        },
        "misses": {
          "total": 50,
          "faithful": 43
        }
      },
      "score_stats": {
        "mean": 0.7406443766256173,
        "min": 0.04029582813382149,
        "max": 0.9751127362251282,
        "std": 0.2437157542128441
      }
    },
    "faithfulness_rate": 0.8066666666666666,
    "llm_judge_score": 0.8300000000000001,
    "llm_faithfulness_score": 0.6900000000000001,
    "llm_relevancy_score": 0.915,
    "llm_coherence_score": 0.9225,
    "semantic_similarity": 0.6791001156965891,
    "scenario1_score": 0.482665,
    "scenario2_score": 0.291504,
    "scenario3_score": 0.8425
  },
  "emb_ft": {
    "hyperparameters": {
      "stage": "emb_ft",
      "stage_name": "Stage 2 — Fine-tuned Embedding",
      "embedding_model": "C:\\Users\\USER\\OneDrive\\Desktop\\CENG493_Project\\CENG493_Project\\models\\bge-m3-turkish-legal",
      "retrieval_mode": "rrf_rerank",
      "llm_model": "qwen2.5:7b",
      "inject_citations": false,
      "chunk_size": 1400,
      "chunk_overlap": 180,
      "top_k_retrieval": 10,
      "top_k_for_generation": 5
    },
    "retrieval_metrics": {
      "recall_at_5": 0.427597234502407,
      "recall_at_10": 0.48570119535636774,
      "mrr": 0.8703095238095239,
      "ndcg_at_10": 0.546810473233859,
      "source_hit_at_5": 0.9366666666666666,
      "source_hit_at_10": 0.9433333333333334,
      "capped_recall_at_5": 0.5172222222222227,
      "capped_recall_at_10": 0.4992671957671954,
      "precision_at_5": 0.3806666666666679,
      "precision_at_10": 0.23066666666666705,
      "num_queries": 300
    },
    "qa_metrics": {
      "em": 0.0,
      "f1": 0.2654871326590685,
      "rouge_l": 0.2811542423326486,
      "bleu": 0.11488427421618422,
      "citation_accuracy": 0.5266666666666666,
      "source_in_context_rate": 0.9866666666666667,
      "citation_presence_rate": 0.5466666666666666,
      "num_samples": 300
    },
    "hallucination_summary": {
      "total": 150,
      "faithful_count": 150,
      "faithful_rate": 1.0,
      "by_category": {
        "hits": {
          "total": 50,
          "faithful": 50
        },
        "partial": {
          "total": 50,
          "faithful": 50
        },
        "misses": {
          "total": 50,
          "faithful": 50
        }
      },
      "score_stats": {
        "mean": 0.9222151494026184,
        "min": 0.6198908686637878,
        "max": 0.9863718152046204,
        "std": 0.05501746859640799
      }
    },
    "faithfulness_rate": 1.0,
    "llm_judge_score": 0.8625,
    "llm_faithfulness_score": 0.625,
    "llm_relevancy_score": 0.9574999999999999,
    "llm_coherence_score": 0.9199999999999999,
    "semantic_similarity": 0.7432561086366574,
    "scenario1_score": 0.567053,
    "scenario2_score": 0.408818,
    "scenario3_score": 0.834167
  },
  "full": {
    "hyperparameters": {
      "stage": "full",
      "stage_name": "Stage 5 — Full Optimized",
      "embedding_model": "C:\\Users\\USER\\OneDrive\\Desktop\\CENG493_Project\\CENG493_Project\\models\\bge-m3-turkish-legal",
      "retrieval_mode": "rrf_rerank",
      "llm_model": "qwen25-legal-ft",
      "inject_citations": true,
      "chunk_size": 1400,
      "chunk_overlap": 180,
      "top_k_retrieval": 10,
      "top_k_for_generation": 5
    },
    "retrieval_metrics": {
      "recall_at_5": 0.427597234502407,
      "recall_at_10": 0.48570119535636774,
      "mrr": 0.8703095238095239,
      "ndcg_at_10": 0.546810473233859,
      "source_hit_at_5": 0.9366666666666666,
      "source_hit_at_10": 0.9433333333333334,
      "capped_recall_at_5": 0.5172222222222227,
      "capped_recall_at_10": 0.4992671957671954,
      "precision_at_5": 0.3806666666666679,
      "precision_at_10": 0.23066666666666705,
      "num_queries": 300
    },
    "qa_metrics": {
      "em": 0.0,
      "f1": 0.1309905265100651,
      "rouge_l": 0.1398909316262016,
      "bleu": 0.03725791443717476,
      "citation_accuracy": 0.9866666666666667,
      "source_in_context_rate": 0.9866666666666667,
      "citation_presence_rate": 1.0,
      "num_samples": 300
    },
    "hallucination_summary": {
      "total": 150,
      "faithful_count": 132,
      "faithful_rate": 0.88,
      "by_category": {
        "hits": {
          "total": 50,
          "faithful": 42
        },
        "partial": {
          "total": 50,
          "faithful": 48
        },
        "misses": {
          "total": 50,
          "faithful": 42
        }
      },
      "score_stats": {
        "mean": 0.786996726890405,
        "min": 0.14244046807289124,
        "max": 0.9824967384338379,
        "std": 0.19374992214637227
      }
    },
    "faithfulness_rate": 0.88,
    "llm_judge_score": 0.8025,
    "llm_faithfulness_score": 0.645,
    "llm_relevancy_score": 0.945,
    "llm_coherence_score": 0.925,
    "semantic_similarity": 0.6796878925959269,
    "scenario1_score": 0.518255,
    "scenario2_score": 0.2956,
    "scenario3_score": 0.838333
  }
}