{
  "llm_ft": {
    "hyperparameters": {
      "stage": "llm_ft",
      "stage_name": "Stage 4 — Fine-tuned LLM",
      "embedding_model": "BAAI/bge-m3",
      "retrieval_mode": "dense",
      "llm_model": "qwen25-legal-ft",
      "inject_citations": true,
      "chunk_size": 1400,
      "chunk_overlap": 180,
      "top_k_retrieval": 10,
      "top_k_for_generation": 5
    },
    "retrieval_metrics": {
      "recall_at_5": 0.38685582855841477,
      "recall_at_10": 0.46650541157437714,
      "mrr": 0.7428822751322751,
      "ndcg_at_10": 0.49256777421502934,
      "source_hit_at_5": 0.8566666666666667,
      "source_hit_at_10": 0.9066666666666666,
      "capped_recall_at_5": 0.4680555555555559,
      "capped_recall_at_10": 0.4810793650793654,
      "precision_at_5": 0.3433333333333342,
      "precision_at_10": 0.2240000000000004,
      "num_queries": 300
    },
    "qa_metrics": {
      "em": 0.0,
      "f1": 0.12539173937267176,
      "rouge_l": 0.1400874426426651,
      "bleu": 0.03633088882352977,
      "citation_accuracy": 0.95,
      "source_in_context_rate": 0.95,
      "citation_presence_rate": 1.0,
      "num_samples": 300
    },
    "hallucination_summary": {
      "total": 150,
      "faithful_count": 121,
      "faithful_rate": 0.8066666666666666,
      "by_category": {
        "hits": {
          "total": 50,
          "faithful": 39
        },
        "partial": {
          "total": 50,
          "faithful": 39
        },
        "misses": {
          "total": 50,
          "faithful": 43
        }
      },
      "score_stats": {
        "mean": 0.7406443766256173,
        "min": 0.04029582813382149,
        "max": 0.9751127362251282,
        "std": 0.2437157542128441
      }
    },
    "faithfulness_rate": 0.8066666666666666,
    "llm_judge_score": 0.8300000000000001,
    "llm_faithfulness_score": 0.6900000000000001,
    "llm_relevancy_score": 0.915,
    "llm_coherence_score": 0.9225,
    "semantic_similarity": 0.6791001156965891,
    "scenario1_score": 0.482665,
    "scenario2_score": 0.291504,
    "scenario3_score": 0.8425
  }
}