{
  "hyperparameters": {
    "stage": "full",
    "stage_name": "Stage 5 — Full Optimized",
    "embedding_model": "C:\\Users\\USER\\OneDrive\\Desktop\\CENG493_Project\\CENG493_Project\\models\\bge-m3-turkish-legal",
    "retrieval_mode": "rrf_rerank",
    "llm_model": "qwen25-legal-ft",
    "inject_citations": true,
    "chunk_size": 1400,
    "chunk_overlap": 180,
    "top_k_retrieval": 10,
    "top_k_for_generation": 5
  },
  "retrieval_metrics": {
    "recall_at_5": 0.427597234502407,
    "recall_at_10": 0.48570119535636774,
    "mrr": 0.8703095238095239,
    "ndcg_at_10": 0.546810473233859,
    "source_hit_at_5": 0.9366666666666666,
    "source_hit_at_10": 0.9433333333333334,
    "capped_recall_at_5": 0.5172222222222227,
    "capped_recall_at_10": 0.4992671957671954,
    "precision_at_5": 0.3806666666666679,
    "precision_at_10": 0.23066666666666705,
    "num_queries": 300
  },
  "qa_metrics": {
    "em": 0.0,
    "f1": 0.1309905265100651,
    "rouge_l": 0.1398909316262016,
    "bleu": 0.03725791443717476,
    "citation_accuracy": 0.9866666666666667,
    "source_in_context_rate": 0.9866666666666667,
    "citation_presence_rate": 1.0,
    "num_samples": 300
  },
  "hallucination_summary": {
    "total": 150,
    "faithful_count": 132,
    "faithful_rate": 0.88,
    "by_category": {
      "hits": {
        "total": 50,
        "faithful": 42
      },
      "partial": {
        "total": 50,
        "faithful": 48
      },
      "misses": {
        "total": 50,
        "faithful": 42
      }
    },
    "score_stats": {
      "mean": 0.786996726890405,
      "min": 0.14244046807289124,
      "max": 0.9824967384338379,
      "std": 0.19374992214637227
    }
  },
  "faithfulness_rate": 0.88,
  "llm_judge_score": 0.8025,
  "llm_faithfulness_score": 0.645,
  "llm_relevancy_score": 0.945,
  "llm_coherence_score": 0.925,
  "semantic_similarity": 0.6796878925959269,
  "scenario1_score": 0.518255,
  "scenario2_score": 0.2956,
  "scenario3_score": 0.838333
}