{
  "hyperparameters": {
    "embedding_model": "BAAI/bge-m3",
    "chunk_size": 1400,
    "chunk_overlap": 180,
    "top_k_retrieval": 10,
    "top_k_for_generation": 5,
    "llm_model": "Qwen/Qwen2.5-7B-Instruct",
    "llm_temperature": 0.0,
    "llm_max_tokens": 512,
    "hallucination_sample_size": 150,
    "retrieval_mode": "dense_finetuned_llm",
    "device": "cuda",
    "index_build_time_s": null
  },
  "retrieval_metrics": {
    "recall_at_5": 0.38685582855841477,
    "recall_at_10": 0.46650541157437714,
    "mrr": 0.7431600529100528,
    "ndcg_at_10": 0.4926762142700653,
    "source_hit_at_5": 0.8533333333333334,
    "source_hit_at_10": 0.9066666666666666,
    "capped_recall_at_5": 0.46694444444444483,
    "capped_recall_at_10": 0.4810793650793654,
    "precision_at_5": 0.34266666666666756,
    "precision_at_10": 0.2240000000000004,
    "num_queries": 300,
    "retrieval_time_s": 0.71
  },
  "qa_metrics": {
    "em": 0.0033333333333333335,
    "f1": 0.33383657290630075,
    "rouge_l": 0.3621070026510892,
    "bleu": 0.13818929445549652,
    "citation_accuracy": 0.9433333333333334,
    "source_in_context_rate": 0.95,
    "citation_presence_rate": 0.9966666666666667,
    "num_samples": 300
  },
  "hallucination_summary": {
    "total": 150,
    "faithful_count": 139,
    "faithful_rate": 0.9266666666666666,
    "by_category": {
      "hits": {
        "total": 50,
        "faithful": 48
      },
      "partial": {
        "total": 50,
        "faithful": 47
      },
      "misses": {
        "total": 50,
        "faithful": 44
      }
    },
    "score_stats": {
      "mean": 0.8125903397301832,
      "min": 0.026065126061439514,
      "max": 0.9777088761329651,
      "std": 0.17647826380072798
    }
  },
  "faithfulness_rate": 0.9266666666666666,
  "llm_judge_score": 0.795,
  "llm_faithfulness_score": 0.615,
  "llm_relevancy_score": 0.8975,
  "llm_coherence_score": 0.8825,
  "semantic_similarity": 0.7394482895421485,
  "scenario1_score": 0.547391,
  "scenario2_score": 0.45552,
  "scenario3_score": 0.798333
}