{
  "hyperparameters": {
    "stage": "llm_ft",
    "stage_name": "Stage 4 — Fine-tuned LLM",
    "embedding_model": "BAAI/bge-m3",
    "retrieval_mode": "dense",
    "llm_model": "qwen25-legal-ft",
    "inject_citations": true,
    "chunk_size": 1400,
    "chunk_overlap": 180,
    "top_k_retrieval": 10,
    "top_k_for_generation": 5
  },
  "retrieval_metrics": {
    "recall_at_5": 0.01355480481154056,
    "recall_at_10": 0.024507816342829388,
    "mrr": 0.843293404318249,
    "ndcg_at_10": 0.634900673496398,
    "source_hit_at_5": 0.9192546583850931,
    "source_hit_at_10": 0.9813664596273292,
    "capped_recall_at_5": 0.6633540372670803,
    "capped_recall_at_10": 0.6006211180124222,
    "precision_at_5": 0.6633540372670803,
    "precision_at_10": 0.6006211180124222,
    "num_queries": 161
  },
  "qa_metrics": {
    "em": 0.0,
    "f1": 0.04116893067726352,
    "rouge_l": 0.07938161996184125,
    "bleu": 0.002475674918218204,
    "citation_accuracy": 0.8571428571428571,
    "source_in_context_rate": 0.9254658385093167,
    "citation_presence_rate": 0.9565217391304348,
    "num_samples": 161
  },
  "hallucination_summary": {
    "total": 150,
    "faithful_count": 146,
    "faithful_rate": 0.9733333333333334,
    "by_category": {
      "hits": {
        "total": 50,
        "faithful": 50
      },
      "partial": {
        "total": 50,
        "faithful": 49
      },
      "misses": {
        "total": 50,
        "faithful": 47
      }
    },
    "score_stats": {
      "mean": 0.8269954068462054,
      "min": 0.14380761981010437,
      "max": 0.9739858508110046,
      "std": 0.13055241180986774
    }
  },
  "faithfulness_rate": 0.9733333333333334,
  "llm_judge_score": 0.13999999999999999,
  "llm_faithfulness_score": 0.85,
  "llm_relevancy_score": 0.615,
  "llm_coherence_score": 0.22999999999999998,
  "semantic_similarity": 0.40849878912016474,
  "scenario1_score": 0.52412,
  "scenario2_score": 0.151368,
  "scenario3_score": 0.565,
  "perplexity": 8.2815,
  "ragas_scores": {}
}