{
  "hyperparameters": {
    "stage": "base",
    "stage_name": "Stage 1 — Base RAG",
    "embedding_model": "BAAI/bge-m3",
    "retrieval_mode": "dense",
    "llm_model": "qwen2.5:14b",
    "inject_citations": true,
    "chunk_size": 1400,
    "chunk_overlap": 180,
    "top_k_retrieval": 10,
    "top_k_for_generation": 5
  },
  "retrieval_metrics": {
    "recall_at_5": 0.01355480481154056,
    "recall_at_10": 0.024507816342829388,
    "mrr": 0.843293404318249,
    "ndcg_at_10": 0.634900673496398,
    "source_hit_at_5": 0.9192546583850931,
    "source_hit_at_10": 0.9813664596273292,
    "capped_recall_at_5": 0.6633540372670803,
    "capped_recall_at_10": 0.6006211180124222,
    "precision_at_5": 0.6633540372670803,
    "precision_at_10": 0.6006211180124222,
    "num_queries": 161
  },
  "qa_metrics": {
    "em": 0.043478260869565216,
    "f1": 0.14327778994616722,
    "rouge_l": 0.1873702358665467,
    "bleu": 0.03595878044782883,
    "citation_accuracy": 0.9192546583850931,
    "source_in_context_rate": 0.9254658385093167,
    "citation_presence_rate": 1.0,
    "num_samples": 161
  },
  "hallucination_summary": {
    "total": 150,
    "faithful_count": 147,
    "faithful_rate": 0.98,
    "by_category": {
      "hits": {
        "total": 50,
        "faithful": 49
      },
      "partial": {
        "total": 50,
        "faithful": 49
      },
      "misses": {
        "total": 50,
        "faithful": 49
      }
    },
    "score_stats": {
      "mean": 0.8739950994689328,
      "min": 0.0014630263904109597,
      "max": 0.9760569334030151,
      "std": 0.11287097205301029
    }
  },
  "faithfulness_rate": 0.98,
  "llm_judge_score": 0.26749999999999996,
  "llm_faithfulness_score": 0.9574999999999999,
  "llm_relevancy_score": 0.72,
  "llm_coherence_score": 0.26749999999999996,
  "semantic_similarity": 0.4765286400960469,
  "scenario1_score": 0.591839,
  "scenario2_score": 0.243253,
  "scenario3_score": 0.648333,
  "perplexity": 8.0163,
  "ragas_scores": {}
}