{
  "base": {
    "hyperparameters": {
      "stage": "base",
      "stage_name": "Stage 1 — Base RAG",
      "embedding_model": "BAAI/bge-m3",
      "retrieval_mode": "dense",
      "llm_model": "qwen2.5:14b",
      "inject_citations": true,
      "chunk_size": 1400,
      "chunk_overlap": 180,
      "top_k_retrieval": 10,
      "top_k_for_generation": 5
    },
    "retrieval_metrics": {
      "recall_at_5": 0.01355480481154056,
      "recall_at_10": 0.024507816342829388,
      "mrr": 0.843293404318249,
      "ndcg_at_10": 0.634900673496398,
      "source_hit_at_5": 0.9192546583850931,
      "source_hit_at_10": 0.9813664596273292,
      "capped_recall_at_5": 0.6633540372670803,
      "capped_recall_at_10": 0.6006211180124222,
      "precision_at_5": 0.6633540372670803,
      "precision_at_10": 0.6006211180124222,
      "num_queries": 161
    },
    "qa_metrics": {
      "em": 0.043478260869565216,
      "f1": 0.14327778994616722,
      "rouge_l": 0.1873702358665467,
      "bleu": 0.03595878044782883,
      "citation_accuracy": 0.9192546583850931,
      "source_in_context_rate": 0.9254658385093167,
      "citation_presence_rate": 1.0,
      "num_samples": 161
    },
    "hallucination_summary": {
      "total": 150,
      "faithful_count": 147,
      "faithful_rate": 0.98,
      "by_category": {
        "hits": {
          "total": 50,
          "faithful": 49
        },
        "partial": {
          "total": 50,
          "faithful": 49
        },
        "misses": {
          "total": 50,
          "faithful": 49
        }
      },
      "score_stats": {
        "mean": 0.8739950994689328,
        "min": 0.0014630263904109597,
        "max": 0.9760569334030151,
        "std": 0.11287097205301029
      }
    },
    "faithfulness_rate": 0.98,
    "llm_judge_score": 0.26749999999999996,
    "llm_faithfulness_score": 0.9574999999999999,
    "llm_relevancy_score": 0.72,
    "llm_coherence_score": 0.26749999999999996,
    "semantic_similarity": 0.4765286400960469,
    "scenario1_score": 0.591839,
    "scenario2_score": 0.243253,
    "scenario3_score": 0.648333,
    "perplexity": 8.0163,
    "ragas_scores": {}
  },
  "hybrid": {
    "hyperparameters": {
      "stage": "hybrid",
      "stage_name": "Stage 1b — Hybrid BM25+Dense",
      "embedding_model": "BAAI/bge-m3",
      "retrieval_mode": "hybrid",
      "llm_model": "qwen2.5:14b",
      "inject_citations": true,
      "chunk_size": 1400,
      "chunk_overlap": 180,
      "top_k_retrieval": 10,
      "top_k_for_generation": 5
    },
    "retrieval_metrics": {
      "recall_at_5": 0.012782391594617044,
      "recall_at_10": 0.022310397487391883,
      "mrr": 0.8073646850044366,
      "ndcg_at_10": 0.5909218456634486,
      "source_hit_at_5": 0.8757763975155279,
      "source_hit_at_10": 0.9192546583850931,
      "capped_recall_at_5": 0.6186335403726704,
      "capped_recall_at_10": 0.5534161490683228,
      "precision_at_5": 0.6186335403726704,
      "precision_at_10": 0.5534161490683228,
      "num_queries": 161
    },
    "qa_metrics": {
      "em": 0.037267080745341616,
      "f1": 0.1312966146051985,
      "rouge_l": 0.17633350108126047,
      "bleu": 0.025780277674393604,
      "citation_accuracy": 0.8633540372670807,
      "source_in_context_rate": 0.8819875776397516,
      "citation_presence_rate": 1.0,
      "num_samples": 161
    },
    "hallucination_summary": {
      "total": 150,
      "faithful_count": 147,
      "faithful_rate": 0.98,
      "by_category": {
        "hits": {
          "total": 50,
          "faithful": 49
        },
        "partial": {
          "total": 50,
          "faithful": 50
        },
        "misses": {
          "total": 50,
          "faithful": 48
        }
      },
      "score_stats": {
        "mean": 0.8661368874600157,
        "min": 0.001731811324134469,
        "max": 0.9796226620674133,
        "std": 0.12083199876457551
      }
    },
    "faithfulness_rate": 0.98,
    "llm_judge_score": 0.265,
    "llm_faithfulness_score": 0.9025000000000001,
    "llm_relevancy_score": 0.67,
    "llm_coherence_score": 0.31,
    "semantic_similarity": 0.47093584131657706,
    "scenario1_score": 0.560721,
    "scenario2_score": 0.233188,
    "scenario3_score": 0.6275,
    "perplexity": 8.0255,
    "ragas_scores": {}
  },
  "rrf": {
    "hyperparameters": {
      "stage": "rrf",
      "stage_name": "Stage 1c — RRF",
      "embedding_model": "BAAI/bge-m3",
      "retrieval_mode": "rrf",
      "llm_model": "qwen2.5:14b",
      "inject_citations": true,
      "chunk_size": 1400,
      "chunk_overlap": 180,
      "top_k_retrieval": 10,
      "top_k_for_generation": 5
    },
    "retrieval_metrics": {
      "recall_at_5": 0.01391660479962989,
      "recall_at_10": 0.02345802284642142,
      "mrr": 0.836887508626639,
      "ndcg_at_10": 0.6206953390746994,
      "source_hit_at_5": 0.9503105590062112,
      "source_hit_at_10": 0.968944099378882,
      "capped_recall_at_5": 0.6695652173913038,
      "capped_recall_at_10": 0.5807453416149069,
      "precision_at_5": 0.6695652173913038,
      "precision_at_10": 0.5807453416149069,
      "num_queries": 161
    },
    "qa_metrics": {
      "em": 0.043478260869565216,
      "f1": 0.1332674216245347,
      "rouge_l": 0.18075069799667373,
      "bleu": 0.02521817352391961,
      "citation_accuracy": 0.9254658385093167,
      "source_in_context_rate": 0.9565217391304348,
      "citation_presence_rate": 0.9937888198757764,
      "num_samples": 161
    },
    "hallucination_summary": {
      "total": 150,
      "faithful_count": 147,
      "faithful_rate": 0.98,
      "by_category": {
        "hits": {
          "total": 56,
          "faithful": 55
        },
        "partial": {
          "total": 39,
          "faithful": 39
        },
        "misses": {
          "total": 55,
          "faithful": 53
        }
      },
      "score_stats": {
        "mean": 0.8722374467055003,
        "min": 0.29441195726394653,
        "max": 0.9814037084579468,
        "std": 0.10165808865405526
      }
    },
    "faithfulness_rate": 0.98,
    "llm_judge_score": 0.2,
    "llm_faithfulness_score": 0.86,
    "llm_relevancy_score": 0.67,
    "llm_coherence_score": 0.28,
    "semantic_similarity": 0.4642782612987187,
    "scenario1_score": 0.561218,
    "scenario2_score": 0.232571,
    "scenario3_score": 0.603333,
    "perplexity": 8.0084,
    "ragas_scores": {}
  },
  "rrf_rerank": {
    "hyperparameters": {
      "stage": "rrf_rerank",
      "stage_name": "Stage 3 — RRF + Rerank",
      "embedding_model": "BAAI/bge-m3",
      "retrieval_mode": "rrf_rerank",
      "llm_model": "qwen2.5:14b",
      "inject_citations": true,
      "chunk_size": 1400,
      "chunk_overlap": 180,
      "top_k_retrieval": 10,
      "top_k_for_generation": 5
    },
    "retrieval_metrics": {
      "recall_at_5": 0.014571974274981588,
      "recall_at_10": 0.02345802284642142,
      "mrr": 0.8844375431331953,
      "ndcg_at_10": 0.6400196097451494,
      "source_hit_at_5": 0.9503105590062112,
      "source_hit_at_10": 0.968944099378882,
      "capped_recall_at_5": 0.705590062111801,
      "capped_recall_at_10": 0.5807453416149069,
      "precision_at_5": 0.705590062111801,
      "precision_at_10": 0.5807453416149069,
      "num_queries": 161
    },
    "qa_metrics": {
      "em": 0.049689440993788817,
      "f1": 0.15356089190652122,
      "rouge_l": 0.20266200673635612,
      "bleu": 0.031341753578153296,
      "citation_accuracy": 0.937888198757764,
      "source_in_context_rate": 0.9565217391304348,
      "citation_presence_rate": 1.0,
      "num_samples": 161
    },
    "hallucination_summary": {
      "total": 150,
      "faithful_count": 148,
      "faithful_rate": 0.9866666666666667,
      "by_category": {
        "hits": {
          "total": 50,
          "faithful": 50
        },
        "partial": {
          "total": 50,
          "faithful": 50
        },
        "misses": {
          "total": 50,
          "faithful": 48
        }
      },