{
  "full": {
    "hyperparameters": {
      "stage": "full",
      "stage_name": "Stage 5 — Full Optimized",
      "embedding_model": "C:\\Users\\USER\\OneDrive\\Desktop\\CENG493_Project\\CENG493_Project\\models\\bge-m3-turkish-legal",
      "retrieval_mode": "rrf_rerank",
      "llm_model": "qwen25-legal-ft",
      "inject_citations": true,
      "chunk_size": 1400,
      "chunk_overlap": 180,
      "top_k_retrieval": 10,
      "top_k_for_generation": 5
    },
    "retrieval_metrics": {
      "recall_at_5": 0.015249008436144101,
      "recall_at_10": 0.025061546050263207,
      "mrr": 0.8828847481021395,
      "ndcg_at_10": 0.6729981389753809,
      "source_hit_at_5": 0.9440993788819876,
      "source_hit_at_10": 0.9565217391304348,
      "capped_recall_at_5": 0.7403726708074527,
      "capped_recall_at_10": 0.6186335403726708,
      "precision_at_5": 0.7403726708074527,
      "precision_at_10": 0.6186335403726708,
      "num_queries": 161
    },
    "qa_metrics": {
      "em": 0.0,
      "f1": 0.05086626645837136,
      "rouge_l": 0.08171677325299091,
      "bleu": 0.0024270458228610255,
      "citation_accuracy": 0.8881987577639752,
      "source_in_context_rate": 0.9503105590062112,
      "citation_presence_rate": 0.9751552795031055,
      "num_samples": 161
    },
    "hallucination_summary": {
      "total": 150,
      "faithful_count": 141,
      "faithful_rate": 0.94,
      "by_category": {
        "hits": {
          "total": 50,
          "faithful": 45
        },
        "partial": {
          "total": 50,
          "faithful": 48
        },
        "misses": {
          "total": 50,
          "faithful": 48
        }
      },
      "score_stats": {
        "mean": 0.8101068584124247,
        "min": 0.01694798842072487,
        "max": 0.9700237512588501,
        "std": 0.1710414574681478
      }
    },
    "faithfulness_rate": 0.94,
    "llm_judge_score": 0.11499999999999999,
    "llm_faithfulness_score": 0.9349999999999999,
    "llm_relevancy_score": 0.6475,
    "llm_coherence_score": 0.2975,
    "semantic_similarity": 0.414289963541564,
    "scenario1_score": 0.563106,
    "scenario2_score": 0.159893,
    "scenario3_score": 0.626667,
    "perplexity": 9.3937,
    "ragas_scores": {}
  }
}