{
  "hyperparameters": {
    "stage": "hybrid",
    "stage_name": "Stage 1b — Hybrid BM25+Dense",
    "embedding_model": "BAAI/bge-m3",
    "retrieval_mode": "hybrid",
    "llm_model": "qwen2.5:14b",
    "inject_citations": true,
    "chunk_size": 1400,
    "chunk_overlap": 180,
    "top_k_retrieval": 10,
    "top_k_for_generation": 5
  },
  "retrieval_metrics": {
    "recall_at_5": 0.012782391594617044,
    "recall_at_10": 0.022310397487391883,
    "mrr": 0.8073646850044366,
    "ndcg_at_10": 0.5909218456634486,
    "source_hit_at_5": 0.8757763975155279,
    "source_hit_at_10": 0.9192546583850931,
    "capped_recall_at_5": 0.6186335403726704,
    "capped_recall_at_10": 0.5534161490683228,
    "precision_at_5": 0.6186335403726704,
    "precision_at_10": 0.5534161490683228,
    "num_queries": 161
  },
  "qa_metrics": {
    "em": 0.037267080745341616,
    "f1": 0.13072479044121932,
    "rouge_l": 0.17402705155751372,
    "bleu": 0.025159714025075042,
    "citation_accuracy": 0.8633540372670807,
    "source_in_context_rate": 0.8819875776397516,
    "citation_presence_rate": 1.0,
    "num_samples": 161
  },
  "hallucination_summary": {
    "total": 150,
    "faithful_count": 146,
    "faithful_rate": 0.9733333333333334,
    "by_category": {
      "hits": {
        "total": 50,
        "faithful": 49
      },
      "partial": {
        "total": 50,
        "faithful": 50
      },
      "misses": {
        "total": 50,
        "faithful": 47
      }
    },
    "score_stats": {
      "mean": 0.8660506556322798,
      "min": 0.001731811324134469,
      "max": 0.9796226620674133,
      "std": 0.12022366831760711
    }
  },
  "faithfulness_rate": 0.9733333333333334,
  "llm_judge_score": 0.25,
  "llm_faithfulness_score": 0.9,
  "llm_relevancy_score": 0.67,
  "llm_coherence_score": 0.2875,
  "semantic_similarity": 0.47877422005215786,
  "scenario1_score": 0.559868,
  "scenario2_score": 0.23514,
  "scenario3_score": 0.619167,
  "perplexity": 8.0293,
  "ragas_scores": {}
}