{
  "hyperparameters": {
    "stage": "hybrid",
    "stage_name": "Stage 1b — Hybrid BM25+Dense",
    "embedding_model": "BAAI/bge-m3",
    "retrieval_mode": "hybrid",
    "llm_model": "qwen2.5:14b",
    "inject_citations": true,
    "chunk_size": 1400,
    "chunk_overlap": 180,
    "top_k_retrieval": 10,
    "top_k_for_generation": 5
  },
  "retrieval_metrics": {
    "recall_at_5": 0.012782391594617044,
    "recall_at_10": 0.022310397487391883,
    "mrr": 0.8073646850044366,
    "ndcg_at_10": 0.5909218456634486,
    "source_hit_at_5": 0.8757763975155279,
    "source_hit_at_10": 0.9192546583850931,
    "capped_recall_at_5": 0.6186335403726704,
    "capped_recall_at_10": 0.5534161490683228,
    "precision_at_5": 0.6186335403726704,
    "precision_at_10": 0.5534161490683228,
    "num_queries": 161
  },
  "qa_metrics": {
    "em": 0.037267080745341616,
    "f1": 0.1312966146051985,
    "rouge_l": 0.17633350108126047,
    "bleu": 0.025780277674393604,
    "citation_accuracy": 0.8633540372670807,
    "source_in_context_rate": 0.8819875776397516,
    "citation_presence_rate": 1.0,
    "num_samples": 161
  },
  "hallucination_summary": {
    "total": 150,
    "faithful_count": 147,
    "faithful_rate": 0.98,
    "by_category": {
      "hits": {
        "total": 50,
        "faithful": 49
      },
      "partial": {
        "total": 50,
        "faithful": 50
      },
      "misses": {
        "total": 50,
        "faithful": 48
      }
    },
    "score_stats": {
      "mean": 0.8661368874600157,
      "min": 0.001731811324134469,
      "max": 0.9796226620674133,
      "std": 0.12083199876457551
    }
  },
  "faithfulness_rate": 0.98,
  "llm_judge_score": 0.265,
  "llm_faithfulness_score": 0.9025000000000001,
  "llm_relevancy_score": 0.67,
  "llm_coherence_score": 0.31,
  "semantic_similarity": 0.47093584131657706,
  "scenario1_score": 0.560721,
  "scenario2_score": 0.233188,
  "scenario3_score": 0.6275,
  "perplexity": 8.0255,
  "ragas_scores": {}
}