{
  "hyperparameters": {
    "stage": "rrf",
    "stage_name": "Stage 1c — RRF",
    "embedding_model": "BAAI/bge-m3",
    "retrieval_mode": "rrf",
    "llm_model": "qwen2.5:14b",
    "inject_citations": true,
    "chunk_size": 1400,
    "chunk_overlap": 180,
    "top_k_retrieval": 10,
    "top_k_for_generation": 5
  },
  "retrieval_metrics": {
    "recall_at_5": 0.01391660479962989,
    "recall_at_10": 0.02345802284642142,
    "mrr": 0.836887508626639,
    "ndcg_at_10": 0.6206953390746994,
    "source_hit_at_5": 0.9503105590062112,
    "source_hit_at_10": 0.968944099378882,
    "capped_recall_at_5": 0.6695652173913038,
    "capped_recall_at_10": 0.5807453416149069,
    "precision_at_5": 0.6695652173913038,
    "precision_at_10": 0.5807453416149069,
    "num_queries": 161
  },
  "qa_metrics": {
    "em": 0.043478260869565216,
    "f1": 0.1332674216245347,
    "rouge_l": 0.18075069799667373,
    "bleu": 0.02521817352391961,
    "citation_accuracy": 0.9254658385093167,
    "source_in_context_rate": 0.9565217391304348,
    "citation_presence_rate": 0.9937888198757764,
    "num_samples": 161
  },
  "hallucination_summary": {
    "total": 150,
    "faithful_count": 147,
    "faithful_rate": 0.98,
    "by_category": {
      "hits": {
        "total": 56,
        "faithful": 55
      },
      "partial": {
        "total": 39,
        "faithful": 39
      },
      "misses": {
        "total": 55,
        "faithful": 53
      }
    },
    "score_stats": {
      "mean": 0.8722374467055003,
      "min": 0.29441195726394653,
      "max": 0.9814037084579468,
      "std": 0.10165808865405526
    }
  },
  "faithfulness_rate": 0.98,
  "llm_judge_score": 0.2,
  "llm_faithfulness_score": 0.86,
  "llm_relevancy_score": 0.67,
  "llm_coherence_score": 0.28,
  "semantic_similarity": 0.4642782612987187,
  "scenario1_score": 0.561218,
  "scenario2_score": 0.232571,
  "scenario3_score": 0.603333,
  "perplexity": 8.0084,
  "ragas_scores": {}
}